WKN/ISIN,security,Kapitalanlage,2022,2023,2024,2025,2026,2027
DB9U8X/0TZ3DV,"2,00 % EUR Festzinsanleihe 2023",200000,-500.0,3760.0,0.0,0.0,0.0,0.0
DB9U8V/0TZ3DW,"2,80 % EUR Grüne Festzinsanleihe 2025",200000,-1000.0,5359.999999999999,5359.999999999999,5359.999999999999,0.0,0.0
DB9U8W/0TZ3DX,Grüne Marktzinsanleihe 12 Monats-Euribor,90000,-900.0,2682.0,2682.0,2682.0,2682.0,2682.0
SH9ZX2/0TZ3DZ,Kapitalschutz-Zertifikat Plus DAX,120000,-1800.0,-144.0,-144.0,-144.0,-144.0,5856.0
DB9U8Y/0TZ3E0,Kapitalschutz-Zertifikat Plus EuroStoxx 50,0,0.0,-0.0,-0.0,-0.0,0.0,0.0
DB9U9A/0TZ3E2,Kapitalschutz-Zertifikat Plus MSCI World qEUR,100000,-1500.0,-119.99999999999999,-119.99999999999999,-119.99999999999999,3880.0,0.0
,total,710000,-5700.0,11538.0,7777.999999999999,7777.999999999999,6418.0,8538.0
